-- Migration: Insert Lookup Data
-- Created: 2025-04-08

-- Insert Order Types
INSERT INTO order_types (name, description, aliases) VALUES
    ('Limited', 'One-season only, planned ending', ARRAY['Limited Series', 'Mini-Series', 'Event Series']),
    ('Ongoing', 'Multiple seasons possible', ARRAY['Series', 'Regular Series', 'Continuing Series']),
    ('Miniseries', 'Short run, typically 4-8 episodes', ARRAY['Mini Series', 'Limited Event']),
    ('Anthology', 'Each season different story/cast', ARRAY['Anthology Series', 'Season Anthology']),
    ('Pilot', 'Initial test episode', ARRAY['Pilot Order', 'Pilot Commitment']);

-- Insert Source Types
INSERT INTO source_types (name, category, aliases) VALUES
    ('Original', 'Original', ARRAY['New IP', 'Original Content']),
    ('Book', 'Literary', ARRAY['Novel', 'Fiction', 'Non-Fiction']),
    ('Short Story', 'Literary', ARRAY['Story', 'Novella']),
    ('Comic', 'Graphic', ARRAY['Comic Book', 'Graphic Novel']),
    ('Manga', 'Graphic', ARRAY['Japanese Comic']),
    ('Webtoon', 'Graphic', ARRAY['Web Comic', 'Digital Comic']),
    ('Film', 'Adaptation', ARRAY['Movie', 'Feature Film']),
    ('TV Show', 'Adaptation', ARRAY['Television Series', 'TV Series']),
    ('Game', 'Adaptation', ARRAY['Video Game', 'Mobile Game']),
    ('Podcast', 'Adaptation', ARRAY['Audio Series', 'Audio Show']),
    ('True Story', 'Real Events', ARRAY['Biography', 'Real Life Event']),
    ('News Story', 'Real Events', ARRAY['Current Events', 'News Adaptation']),
    ('Article', 'Real Events', ARRAY['Magazine Story', 'News Article']),
    ('Other', NULL, NULL),
    ('Toy', NULL, ARRAY['Toy line', 'ActionFigure', 'Toy IP']);

-- Insert Status Types
INSERT INTO status_types (name, description, aliases) VALUES
    ('Active', 'Currently airing or in production', ARRAY['Running', 'Current', 'In Production']),
    ('Ended', 'Completed as planned', ARRAY['Finished', 'Complete', 'Series End']),
    ('Cancelled', 'Terminated before planned end', ARRAY['Axed', 'Discontinued', 'Not Renewed']),
    ('Development', 'In pre-production phase', ARRAY['In Development', 'Pre-Production']),
    ('Announced', 'Officially announced but not started', ARRAY['Greenlit', 'Ordered']),
    ('Pilot', 'Pilot ordered or in production', ARRAY['Pilot Order', 'Test Episode']);

-- Insert Role Types
INSERT INTO role_types (name, category, aliases) VALUES
    ('Creator', 'Creative', ARRAY['c', 'Created By', 'Creator/EP']),
    ('Writer', 'Creative', ARRAY['w', 'Written By', 'Screenwrighter']),
    ('Director', 'Creative', ARRAY['d', 'Directed By']),
    ('Showrunner', 'Creative', ARRAY['sr', 'Show Runner']),
    ('Executive Producer', 'Production', ARRAY['ep', 'Exec Producer']),
    ('Producer', 'Production', ARRAY['p', 'Producer']),
    ('Co-Producer', 'Production', ARRAY['Co-EP', 'Associate Producer', 'coep', 'co ep', 'co-p']),
    ('Line Producer', 'Production', ARRAY['Line-P']),
    ('Studio Executive', 'Development', ARRAY['Studio Exec', 'Studio Rep']),
    ('Network Executive', 'Development', ARRAY['Network Exec', 'Network Rep']),
    ('Development Executive', 'Development', ARRAY['Dev Exec', 'Development Rep']),
    ('Actor', 'Talent', ARRAY['Star', 'Lead', 'Cast']),
    ('Host', 'Talent', ARRAY['Presenter', 'MC']),
    ('Co-Showrunner', 'Creative', ARRAY['co-sr']),
    ('Writer/Executive Producer', 'Creative', ARRAY['wep']),
    ('Creative Producer', 'Creative', ARRAY['cp']);

-- Insert Networks
INSERT INTO networks (name, type, parent_company, aliases) VALUES
    ('ABC', 'Broadcast', 'Disney', ARRAY['ABC Network', 'American Broadcasting Company']),
    ('AMC', 'Cable', 'AMC Networks', ARRAY['AMC+', 'AMC Plus']),
    ('Apple TV+', 'Streamer', 'Apple', ARRAY['Apple', 'Apple TV', 'Apple+', 'Apple Original', 'Apple TV Plus']),
    ('Blackpills', 'Digital', 'Blackpills SAS', ARRAY['Blackpills', 'BlackPills', 'Black Pills']),
    ('Canal Plus', 'Premium', 'Vivendi (Canal Group)', ARRAY['Canal+', 'Canal Plus', 'CANAL+', 'Canal Plus Group', 'StudioCanal']),
    ('CBS', 'Broadcast', 'Paramount', ARRAY['CBS Network', 'Columbia Broadcasting']),
    ('Disney+', 'Streamer', 'Disney', ARRAY['Disney Plus', 'D+', 'Disney Original']),
    ('Epix', 'Premium', 'MGM', ARRAY['EPIX', 'MGM+']),
    ('Fox', 'Broadcast', 'Fox', ARRAY['FOX Network', 'Fox Broadcasting']),
    ('FX', 'Cable', 'Disney', ARRAY['FX', 'FX Network', 'FX on Hulu', 'FX Original']),
    ('HBO', 'Premium', 'Warner Bros Discovery', ARRAY['HBO Max', 'HBOMax', 'Max', 'HBO Original']),
    ('Hulu', 'Streamer', 'Disney', ARRAY['Hulu Original', 'Hulu+']),
    ('NBC', 'Broadcast', 'NBCU', ARRAY['NBC Network', 'National Broadcasting']),
    ('Netflix', 'Streamer', 'Netflix', ARRAY['NFLX', 'Netflix+']),
    ('Paramount+', 'Streamer', 'Paramount', ARRAY['Paramount Plus', 'P+']),
    ('Peacock', 'Streamer', 'NBCU', ARRAY['Peacock Original', 'Peacock+']),
    ('Prime Video', 'Streamer', 'Amazon', ARRAY['Amazon', 'Amazon Prime', 'Prime Video', 'Amazon Prime Video', 'Amazon Original', 'Amazon Studios']),
    ('Showtime', 'Premium', 'Paramount', ARRAY['SHO', 'Showtime Original']),
    ('Starz', 'Premium', 'Lionsgate', ARRAY['STARZ']),
    ('TBS', 'Cable', 'Warner Bros Discovery', ARRAY['Turner Broadcasting']),
    ('TNT', 'Cable', 'Warner Bros Discovery', ARRAY['Turner Network Television']),
    ('USA', 'Cable', 'NBCU', ARRAY['USA Network', 'USA Original']),
    ('CW', 'Broadcast', 'Nexstar Media Group', ARRAY['CW', 'The CW', 'CW Network', 'The CW Network']),
    ('Tubi', 'Streamer', 'Fox', ARRAY['Tubi tv', 'Tubitv']),
    ('BET', 'Streamer', 'Black Entertainment Television', ARRAY['Paramount BET Plus', 'BET+']),
    ('Hallmark+', 'Cable', 'Crown Media', ARRAY['Hallmark Channel', 'Hallmark Media Hallmark', 'Hallmark+', 'Hallmark+ ']);

-- Insert Studios
INSERT INTO studios (name, type, parent_company, division, platform, category, aliases) VALUES
    ('20th Television', 'Studio', 'Disney', 'Disney Television Studios', 'Disney+', ARRAY['Vertically Integrated', 'Network-First'], ARRAY['20th Century TV', '20th Century Fox TV']),
    ('ABC Signature', 'Studio', 'Disney', 'Disney Television Studios', 'Disney+', ARRAY['Vertically Integrated', 'Network-First'], ARRAY['ABC Studios']),
    ('Disney Branded Television', 'Studio', 'Disney', 'Disney Television Studios', 'Disney+', ARRAY['Vertically Integrated', 'Network-First'], ARRAY['Disney Channel Productions', 'Disney Television', 'Star Original']),
    ('FX Productions', 'Studio', 'Disney', 'Disney Television Studios', 'Disney+/Hulu', ARRAY['Vertically Integrated', 'Network-First'], ARRAY['FX']),
    ('Searchlight Television', 'Studio', 'Disney', 'Disney Television Studios', 'Hulu', ARRAY['Vertically Integrated', 'Network-First'], NULL),
    ('Marvel Television', 'Studio', 'Disney', 'Disney Television Studios', 'Disney+', ARRAY['Vertically Integrated', 'Network-First'], ARRAY['Marvel TV', 'Marvel Studios Television']),
    ('Warner Bros Television', 'Studio', 'Warner Bros Discovery', 'WB Television Group', 'Max', ARRAY['Vertically Integrated', 'Network-First'], ARRAY['WBTV', 'Warner Bros. Television', 'Warner Bros. Television Studios', 'Warner Brothers Television', 'Warner Brothers Television Studios', 'WB Television Studios', 'WB TV Studios', 'Warner Bros. Studio', 'Warner Bros. TV']),
    ('Netflix Studios', 'Studio', 'Netflix', NULL, 'Netflix', ARRAY['Vertically Integrated', 'Streaming-First'], ARRAY['Netflix']),
    ('Amazon Studios', 'Studio', 'Amazon', 'Amazon MGM Studios', 'Prime Video', ARRAY['Vertically Integrated', 'Streaming-First'], ARRAY['Amazon Original Productions', 'Amazon Prime Original', 'Amazon Prime Studios']),
    ('Apple Studios', 'Studio', 'Apple', NULL, 'Apple TV+', ARRAY['Vertically Integrated', 'Streaming-First'], ARRAY['Apple Original Films', 'Apple TV+ Studios', 'Apple Original Productions']),
    ('FIFTH SEASON', 'Studio', 'CJ ENM', NULL, NULL, ARRAY['Independent', 'Large'], ARRAY['Endeavor Content']),
    ('MRC', 'Studio', 'Independent', NULL, NULL, ARRAY['Independent', 'Large'], ARRAY['Media Rights Capital', 'MRC Entertainment']),
    ('A24', 'Studio', 'Independent', NULL, NULL, ARRAY['Independent', 'Mid-Size'], NULL),
    ('101 Studios', 'Studio', 'Independent', NULL, NULL, ARRAY['Independent', 'Mid-Size'], NULL),
    ('Other', 'Studio', 'Other', NULL, NULL, ARRAY['Other'], NULL),
    ('Touchstone Television', 'Studio', 'Disney', 'Disney Television Studios', 'Disney+', ARRAY['Vertically Integrated', 'Network-First'], ARRAY['ABC Signature Studios', 'Touchstone TV']),
    ('Lucasfilm', 'Studio', 'Disney', 'Disney Studios', 'Disney+', ARRAY['Vertically Integrated', 'Network-First'], NULL),
    ('Pixar', 'Studio', 'Disney', 'Disney Studios', 'Disney+', ARRAY['Vertically Integrated', 'Network-First'], NULL),
    ('20th Television Animation', 'Studio', 'Disney', 'Disney Television Studios', 'Disney+', ARRAY['Vertically Integrated', 'Network-First'], ARRAY['20th Century Animation']),
    ('Warner Horizon', 'Studio', 'Warner Bros Discovery', 'WB Television Group', 'Max', ARRAY['Vertically Integrated', 'Network-First'], ARRAY['Warner Horizon Television', 'Warner Horizon Scripted Television']),
    ('Warner Bros Animation', 'Studio', 'Warner Bros Discovery', 'WB Television Group', 'Max', ARRAY['Vertically Integrated', 'Network-First'], ARRAY['WBA', 'Warner Bros. Animation']),
    ('Telepictures', 'Studio', 'Warner Bros Discovery', 'WB Television Group', 'Max', ARRAY['Vertically Integrated', 'Network-First'], NULL),
    ('HBO Productions', 'Studio', 'Warner Bros Discovery', 'WB Television Group', 'Max', ARRAY['Vertically Integrated', 'Network-First'], ARRAY['HBO', 'HBO Max', 'HBO Original Productions']),
    ('Universal Television', 'Studio', 'NBCU', 'NBCUniversal Television', 'Peacock', ARRAY['Vertically Integrated', 'Network-First'], ARRAY['UTV']),
    ('Universal Content Productions', 'Studio', 'NBCU', 'NBCUniversal Television', 'Peacock', ARRAY['Vertically Integrated', 'Network-First'], ARRAY['UCP', 'Universal Content Production', 'Universal Studio Group', 'Universal Television Studios']),
    ('Universal Studio Group', 'Studio', 'NBCU', 'NBCUniversal Television', 'Peacock', ARRAY['Vertically Integrated', 'Network-First'], ARRAY['Universal Studio Group', 'USG', 'Universal Television Studios']),
    ('Matchbox Pictures', 'Studio', 'NBCUniversal', 'Universal International Studios', NULL, ARRAY['Vertically Integrated', 'Network-First'], ARRAY['NBCUniversal International Studios', 'Universal Television International']),
    ('Paramount Television Studios', 'Studio', 'Paramount', 'Paramount Television Group', 'Paramount+', ARRAY['Vertically Integrated', 'Network-First'], ARRAY['Paramount TV', 'Paramount Network Original', 'Paramount Television']),
    ('MTV Entertainment Studios', 'Studio', 'Paramount', 'Paramount Television Group', 'Paramount+', ARRAY['Vertically Integrated', 'Network-First'], ARRAY['MTV Studios']),
    ('Showtime Networks', 'Studio', 'Paramount', 'Paramount Television Group', 'Paramount+', ARRAY['Vertically Integrated', 'Network-First'], ARRAY['Showtime', 'Showtime Studios']),
    ('CBS Studios', 'Studio', 'Paramount', 'Paramount Television Group', 'Paramount+', ARRAY['Vertically Integrated', 'Network-First'], ARRAY['CBS Television Studios', 'CBS Television']),
    ('BET Studios', 'Studio', 'Paramount', 'Paramount Television Group', 'Paramount+/BET+', ARRAY['Vertically Integrated', 'Network-First'], ARRAY['BET Original Productions', 'BET']),
    ('MGM Television', 'Studio', 'Amazon', 'Amazon MGM Studios', 'Prime Video', ARRAY['Vertically Integrated', 'Streaming-First'], ARRAY['Metro-Goldwyn-Mayer Television', 'MGM TV', 'MGM/UA Television']),
    ('Legendary Television', 'Studio', 'Dalian Wanda', NULL, NULL, ARRAY['Independent', 'Large'], NULL),
    ('Skydance Television', 'Studio', 'Independent', NULL, NULL, ARRAY['Independent', 'Large'], NULL),
    ('Lionsgate Television', 'Studio', 'Lionsgate', NULL, NULL, ARRAY['Independent', 'Large'], ARRAY['Lionsgate TV']),
    ('AMC Studios', 'Studio', 'AMC Networks', 'AMC Entertainment Group', 'AMC+', ARRAY['Vertically Integrated', 'Network-First'], ARRAY['AMC Original Studios', 'AMC Studio', 'AMC']),
    ('Amblin Television', 'Studio', 'Amblin Partners', NULL, NULL, ARRAY['Independent', 'Large'], ARRAY['Amblin TV']),
    ('SISTER', 'Studio', 'Independent', NULL, NULL, ARRAY['Independent', 'Large'], ARRAY['Sister Pictures', 'Sister', 'SISTER Proverbial Pictures']),
    ('Wiip', 'Studio', 'Studio LDH', NULL, NULL, ARRAY['Independent', 'Large'], NULL),
    ('Sony Pictures Television', 'Studio', 'Sony', NULL, NULL, ARRAY['Independent', 'Large'], ARRAY['Sony TV', 'SPT', 'TriStar Television']),
    ('ITV Studios', 'Studio', 'ITV', 'ITV Media', 'ITV', ARRAY['Independent', 'Large'], ARRAY['Granada Television', 'Granada Productions', 'Granada International', 'ITV Granada', 'Big Talk', 'Tomorrow Studios', 'Hartswood Films']),
    ('Fox Entertainment Studios', 'Studio', 'Fox Corporation', 'Fox Entertainment', 'Fox Network', ARRAY['Independent', 'Large'], ARRAY['Fox Studios', 'Fox Entertainment Global', 'Fox Searchlight TV']),
    ('BBC Studios', 'Studio', 'BBC', 'BBC', 'BBC', ARRAY['Independent', 'Large'], ARRAY['BBC Studios Productions', 'BBC Television', 'BBC One', 'BBC Worldwide', 'BBC Three']),
    ('Fremantle', 'Studio', 'RTL Group', NULL, NULL, ARRAY['Independent', 'Large'], ARRAY['FremantleMedia', 'Fremantle International', 'Pearson Television', 'Element Films', 'Element Distribution']),
    ('Imagine Television Studios', 'Studio', 'Independent', NULL, NULL, ARRAY['Independent', 'Large'], ARRAY['Imagine Entertainment', 'Imagine Television']),
    ('StudioCanal', 'Studio', 'Vivendi', 'Canal+ Group', NULL, ARRAY['Independent', 'Large'], ARRAY['Canal+ Production', 'STUDIOCANAL', 'Studio Canal']),
    ('Miramax Television', 'Studio', 'beIN Media Group', NULL, NULL, ARRAY['Independent', 'Large'], ARRAY['Miramax']),
    ('Entertainment One', 'Studio', 'Hasbro', NULL, NULL, ARRAY['Independent', 'Mid-Size'], ARRAY['eOne']),
    ('Gaumont Television', 'Studio', 'Independent', NULL, NULL, ARRAY['Independent', 'Mid-Size'], NULL),
    ('Blumhouse Television', 'Studio', 'Independent', NULL, NULL, ARRAY['Independent', 'Mid-Size'], NULL),
    ('Annapurna Television', 'Studio', 'Independent', NULL, NULL, ARRAY['Independent', 'Mid-Size'], ARRAY['Annapurna']),
    ('AGC Studios', 'Studio', 'Independent', NULL, NULL, ARRAY['Independent', 'Mid-Size'], ARRAY['AGC Television', 'AGC Productions']),
    ('Constantin Film', 'Studio', 'Independent', NULL, NULL, ARRAY['Independent', 'Mid-Size'], ARRAY['Constantin Filmverleih', 'Constantin Film Production']),
    ('Keshet Studios', 'Studio', 'Keshet Media Group', NULL, NULL, ARRAY['Independent', 'Mid-Size'], ARRAY['Keshet International', 'Keshet US', 'Keshet Productions']),
    ('Two Brothers Pictures', 'Studio', 'All3Media', NULL, NULL, ARRAY['Independent', 'Mid-Size'], ARRAY['Two Brothers', 'Two Brothers Films']),
    ('Media Res', 'Studio', 'Independent', 'Media Res Studio', 'Media Res Productions', ARRAY['Independent', 'Mid-Size'], ARRAY['MEDIA RES', 'media res studio', 'media res productions']),
    ('Channel 4', 'Studio', 'Independent', 'Channel Four', 'C4', ARRAY['Independent', 'Mid-Size'], ARRAY['Channel Four Television Corporation', 'Channel 4 Television']);

-- Insert Genres
INSERT INTO genres (name, category, aliases) VALUES
    ('Action & Adventure', 'Main', ARRAY['Action', 'Adventure', 'Action-Adventure', 'Adventure Series']),
    ('Animation', 'Main', ARRAY['Animated', 'Cartoon', 'Animated Series']),
    ('Comedy', 'Main', ARRAY['Com', 'Comedy Series', 'Sitcom']),
    ('Crime', 'Main', ARRAY['Crime Drama', 'Police', 'Detective', 'Procedural']),
    ('Documentary', 'Main', ARRAY['Doc', 'Non-Fiction', 'Documentary Series']),
    ('Drama', 'Main', ARRAY['Dramatic Series', 'Character Drama']),
    ('Family', 'Main', ARRAY['Kids Show', 'Children', 'Family Series']),
    ('Kids', 'Main', ARRAY['Children''s', 'Youth', 'Kids Series']),
    ('Mystery', 'Main', ARRAY['Detective', 'Suspense', 'Mystery Series']),
    ('News', 'Main', ARRAY['News Program', 'Current Affairs', 'Newscast']),
    ('Reality', 'Main', ARRAY['Reality TV', 'Unscripted', 'Real Life']),
    ('Sci-Fi & Fantasy', 'Main', ARRAY['Science Fiction', 'Fantasy', 'SF', 'Speculative Fiction']),
    ('Soap', 'Main', ARRAY['Soap Opera', 'Daytime Drama', 'Telenovela']),
    ('Talk', 'Main', ARRAY['Talk Show', 'Chat Show', 'Interview Series']),
    ('War & Politics', 'Main', ARRAY['Political', 'War Drama', 'Military']),
    ('Western', 'Main', ARRAY['Old West', 'Cowboy', 'Western Drama']);

-- Insert Subgenres (same as genres since they use same TMDB vocabulary)
INSERT INTO subgenres (name, category, aliases) VALUES
    ('Action & Adventure', 'Main', ARRAY['Action', 'Adventure', 'Action-Adventure', 'Adventure Series']),
    ('Animation', 'Main', ARRAY['Animated', 'Cartoon', 'Animated Series']),
    ('Comedy', 'Main', ARRAY['Com', 'Comedy Series', 'Sitcom']),
    ('Crime', 'Main', ARRAY['Crime Drama', 'Police', 'Detective', 'Procedural']),
    ('Documentary', 'Main', ARRAY['Doc', 'Non-Fiction', 'Documentary Series']),
    ('Drama', 'Main', ARRAY['Dramatic Series', 'Character Drama']),
    ('Family', 'Main', ARRAY['Kids Show', 'Children', 'Family Series']),
    ('Kids', 'Main', ARRAY['Children''s', 'Youth', 'Kids Series']),
    ('Mystery', 'Main', ARRAY['Detective', 'Suspense', 'Mystery Series']),
    ('News', 'Main', ARRAY['News Program', 'Current Affairs', 'Newscast']),
    ('Reality', 'Main', ARRAY['Reality TV', 'Unscripted', 'Real Life']),
    ('Sci-Fi & Fantasy', 'Main', ARRAY['Science Fiction', 'Fantasy', 'SF', 'Speculative Fiction']),
    ('Soap', 'Main', ARRAY['Soap Opera', 'Daytime Drama', 'Telenovela']),
    ('Talk', 'Main', ARRAY['Talk Show', 'Chat Show', 'Interview Series']),
    ('War & Politics', 'Main', ARRAY['Political', 'War Drama', 'Military']),
    ('Western', 'Main', ARRAY['Old West', 'Cowboy', 'Western Drama']);
